"","binary","cwe_checker","yara_rules","cve_bin_tool","size","compiler","static"
"1","3proxy",70,2,0,300624,"gcc(Alpine)","FALSE"
"2","ab",10,0,0,59744,"Unk","FALSE"
"3","ag",69,3,4,355576,"gcc(-)","TRUE"
"4","aircrack-ng",107,5,0,173368,"gcc(3.X)","FALSE"
"5","airdecap-ng",96,3,0,63640,"Unk","FALSE"
"6","airolib-ng",41,3,0,71912,"Unk","FALSE"
"7","apt-cache",86,0,0,88376,"gcc(3.X)","FALSE"
"8","apt-ftparchive",433,0,0,276800,"gcc(3.X)","FALSE"
"9","apt-mark",40,0,0,51512,"gcc(3.X)","FALSE"
"10","ar",278,4,0,1195384,"gcc(GNU)","TRUE"
"11","aria_chk",861,1,0,4484240,"gcc(-)","FALSE"
"12","aria_dump_log",807,1,0,4277296,"gcc(-)","FALSE"
"13","aria_ftdump",824,1,0,4293840,"gcc(-)","FALSE"
"14","aria_pack",818,1,0,4319984,"gcc(-)","FALSE"
"15","aria_read_log",869,1,0,4438704,"gcc(-)","FALSE"
"16","arj",311,3,0,394283,"Unk","FALSE"
"17","aspell",246,0,0,162144,"Unk","FALSE"
"18","atk6-alive6",116,0,0,81704,"Unk","FALSE"
"19","atk6-dnsdict6",37,5,0,994720,"Unk","FALSE"
"20","atk6-fake_router26",104,0,0,55248,"Unk","FALSE"
"21","atk6-firewall6",95,0,0,75696,"Unk","FALSE"
"22","atk6-fragmentation6",87,0,0,71624,"Unk","FALSE"
"23","atk6-fragrouter6",85,0,0,51152,"Unk","FALSE"
"24","atk6-fuzz_dhcps6",111,0,0,52464,"Unk","FALSE"
"25","atk6-fuzz_ip6",115,0,0,52040,"Unk","FALSE"
"26","atk6-implementation6",119,0,0,79792,"Unk","FALSE"
"27","atk6-thcping6",93,0,0,55240,"Unk","FALSE"
"28","atk6-trace6",82,0,0,51136,"Unk","FALSE"
"29","atril",30,0,0,481648,"Unk","FALSE"
"30","atril-previewer",1,0,0,51568,"Unk","FALSE"
"31","axel",44,1,0,68200,"Unk","FALSE"
"32","b2sum",24,1,0,60352,"Unk","FALSE"
"33","basenc",18,1,0,56160,"Unk","FALSE"
"34","bash",1601,2,1,1113504,"Unk","FALSE"
"35","bccmd",42,0,0,242160,"Unk","FALSE"
"36","bitmap",32,0,0,109528,"Unk","FALSE"
"37","bluemoon",51,0,0,92392,"Unk","FALSE"
"38","bluetoothctl",106,0,0,260816,"Unk","FALSE"
"39","bootctl",41,0,0,63832,"Unk","FALSE"
"40","broadwayd",11,1,0,121064,"Unk","FALSE"
"41","btattach",65,0,0,88296,"Unk","FALSE"
"42","btmgmt",152,0,0,368608,"Unk","FALSE"
"43","btmon",185,2,0,876728,"Unk","FALSE"
"44","btrfs-image",271,2,0,396432,"Unk","FALSE"
"45","bulk_extractor",2340,5,0,5172920,"gcc(3.X)","FALSE"
"46","bully",188,7,0,163792,"Unk","FALSE"
"47","busctl",23,0,0,84312,"Unk","FALSE"
"48","bwrap",32,0,0,59680,"Unk","FALSE"
"49","cadaver",165,0,0,115808,"Unk","FALSE"
"50","cgpt",23,2,0,63760,"Unk","TRUE"
"51","chage",29,0,0,80256,"Unk","FALSE"
"52","chcon",29,0,0,72768,"Unk","FALSE"
"53","cherrytree",2189,6,0,5051680,"gcc(3.X)","FALSE"
"54","chfn",31,0,0,58416,"Unk","FALSE"
"55","chgrp",32,0,0,63672,"Unk","FALSE"
"56","chmod",30,0,0,59608,"Unk","FALSE"
"57","choom",18,0,0,51432,"Unk","FALSE"
"58","chown",33,0,0,67768,"Unk","FALSE"
"59","chsh",25,0,0,52880,"Unk","FALSE"
"60","cifsdd",16,0,6,90520,"Unk","FALSE"
"61","ciptool",55,0,0,190224,"Unk","FALSE"
"62","citrix",117,2,0,72184,"Unk","FALSE"
"63","cjpeg",3,0,0,51456,"Unk","FALSE"
"64","closed_source_web_server_fuzz",125,2,0,63992,"Unk","FALSE"
"65","cluster",527,0,0,565816,"Unk","FALSE"
"66","colormgr",12,0,0,55448,"Unk","FALSE"
"67","column",50,0,0,51440,"Unk","FALSE"
"68","corkscrew",15,1,0,59488,"gcc(Alpine)","FALSE"
"69","cp",101,0,0,141528,"Unk","FALSE"
"70","cpio",151,0,73,157224,"Unk","FALSE"
"71","crunch",111,0,0,59384,"Unk","FALSE"
"72","csplit",131,0,0,121920,"Unk","FALSE"
"73","curl",63,0,4,256072,"gcc(Alpine)","TRUE"
"74","curlftpfs",30,0,0,61984,"Unk","FALSE"
"75","cutycapt",2,1,0,51440,"gcc(3.X)","FALSE"
"76","cvtsudoers",176,1,0,281576,"Unk","FALSE"
"77","dash",53,0,0,121432,"Unk","FALSE"
"78","date",72,0,0,100568,"Unk","FALSE"
"79","dbd",33,0,0,51928,"gcc(-)","FALSE"
"80","dbus-daemon",20,0,18,244928,"Unk","FALSE"
"81","dceoversmb",132,2,0,68104,"Unk","FALSE"
"82","dd",63,0,0,76000,"Unk","FALSE"
"83","desktop-file-install",17,0,0,94520,"Unk","FALSE"
"84","desktop-file-validate",18,0,0,82480,"Unk","FALSE"
"85","df",71,0,0,84776,"Unk","FALSE"
"86","diff",230,0,0,208320,"Unk","FALSE"
"87","diff3",53,0,0,64512,"Unk","FALSE"
"88","dig",174,0,0,133792,"Unk","FALSE"
"89","dir",158,0,0,133792,"Unk","FALSE"
"90","dirb",81,0,0,66360,"Unk","FALSE"
"91","dirmngr",527,2,0,579216,"Unk","FALSE"
"92","dirmngr-client",93,1,0,109344,"Unk","FALSE"
"93","dmesg",28,0,0,72000,"Unk","FALSE"
"94","dns2tcpc",32,1,0,59736,"Unk","FALSE"
"95","dns2tcpd",40,1,0,59680,"Unk","FALSE"
"96","dos2unix",5,0,0,55464,"Unk","FALSE"
"97","do_post",128,2,0,63992,"Unk","FALSE"
"98","dpkg",178,1,0,313888,"Unk","FALSE"
"99","dpkg-deb",95,1,0,162184,"Unk","FALSE"
"100","dpkg-divert",92,1,0,154048,"Unk","FALSE"
"101","dpkg-query",109,1,0,166328,"Unk","FALSE"
"102","dpkg-split",82,1,0,125272,"Unk","FALSE"
"103","dpkg-statoverride",29,0,0,63608,"Unk","FALSE"
"104","dpkg-trigger",33,1,0,80216,"Unk","FALSE"
"105","du",166,0,0,175360,"Unk","FALSE"
"106","dumpcap",33,0,0,117088,"Unk","FALSE"
"107","dumpkeys",31,0,0,170520,"Unk","FALSE"
"108","ed",47,0,0,51512,"Unk","FALSE"
"109","edgepaint",324,0,0,422160,"Unk","FALSE"
"110","editcap",9,0,0,59488,"Unk","FALSE"
"111","editres",22,0,0,75296,"Unk","FALSE"
"112","eject",54,0,0,79952,"Unk","FALSE"
"113","engrampa",155,0,0,484264,"Unk","FALSE"
"114","eqn",106,0,0,206176,"gcc(3.X)","FALSE"
"115","etterfilter",35,0,0,56208,"Unk","FALSE"
"116","etterlog",13,0,0,52448,"Unk","FALSE"
"117","exiv2",373,0,0,229256,"gcc(3.X)","FALSE"
"118","exo-desktop-item-edit",1,0,0,80600,"Unk","FALSE"
"119","expr",168,0,0,117728,"Unk","FALSE"
"120","factor",54,0,0,81056,"Unk","FALSE"
"121","fastjar",59,0,0,51872,"Unk","FALSE"
"122","fidentify",93,5,0,328008,"Unk","FALSE"
"123","filan",74,0,0,94168,"Unk","FALSE"
"124","file",19,0,0,194976,"gcc(GNU)","TRUE"
"125","find",260,0,0,311008,"Unk","FALSE"
"126","findmnt",20,0,0,64784,"Unk","FALSE"
"127","fish",668,1,0,2691288,"gcc(Alpine)","FALSE"
"128","fiwalk",198,3,0,225160,"gcc(3.X)","FALSE"
"129","flac",96,0,0,206200,"Unk","FALSE"
"130","futility",191,6,0,244672,"Unk","TRUE"
"131","g-ir-compiler",360,0,0,191512,"Unk","FALSE"
"132","gatttool",212,0,0,342944,"Unk","FALSE"
"133","gawk",573,1,0,694624,"Unk","FALSE"
"134","gdbus",12,0,0,51440,"Unk","FALSE"
"135","generic_chunked",120,2,0,72192,"Unk","FALSE"
"136","generic_listen_tcp",116,2,0,72192,"Unk","FALSE"
"137","generic_send_tcp",116,2,0,72192,"Unk","FALSE"
"138","generic_send_udp",116,2,0,72192,"Unk","FALSE"
"139","generic_web_server_fuzz",120,2,0,72192,"Unk","FALSE"
"140","generic_web_server_fuzz2",120,2,0,72192,"Unk","FALSE"
"141","gio",47,0,0,88312,"Unk","FALSE"
"142","git",2702,5,0,3343280,"Unk","FALSE"
"143","git-shell",1939,5,0,1733608,"Unk","FALSE"
"144","gnome-keyring-daemon",229,0,0,1143712,"Unk","FALSE"
"145","gopherd",118,2,0,63992,"Unk","FALSE"
"146","gpasswd",69,0,0,88304,"Unk","FALSE"
"147","gpg",772,3,0,1099632,"Unk","FALSE"
"148","gpg-agent",369,1,0,410440,"Unk","FALSE"
"149","gpg-connect-agent",136,0,0,150400,"Unk","FALSE"
"150","gpg-wks-server",161,0,0,195504,"Unk","FALSE"
"151","gpgcompose",673,3,0,915600,"Unk","FALSE"
"152","gpgconf",95,0,0,166496,"Unk","FALSE"
"153","gpgsm",370,1,0,510976,"Unk","FALSE"
"154","gpgsplit",67,0,0,72176,"Unk","FALSE"
"155","gpgtar",126,0,0,146688,"Unk","FALSE"
"156","gpgv",294,3,0,449400,"Unk","FALSE"
"157","grep",186,1,0,219456,"Unk","FALSE"
"158","grepjar",132,0,0,96896,"Unk","FALSE"
"159","groff",184,0,0,124288,"gcc(3.X)","FALSE"
"160","grops",218,0,0,186144,"gcc(3.X)","FALSE"
"161","grotty",147,0,0,136608,"gcc(3.X)","FALSE"
"162","grub-editenv",121,0,18,250840,"Unk","FALSE"
"163","grub-file",273,7,0,803976,"Unk","FALSE"
"164","grub-fstest",317,11,18,932680,"Unk","FALSE"
"165","grub-glue-efi",123,0,18,250648,"Unk","FALSE"
"166","grub-menulst2cfg",94,0,0,230216,"Unk","FALSE"
"167","grub-mkfont",131,0,18,275928,"Unk","FALSE"
"168","grub-mkimage",189,4,18,358328,"Unk","FALSE"
"169","grub-mklayout",124,0,18,255064,"Unk","FALSE"
"170","grub-mknetdir",246,4,18,408264,"Unk","FALSE"
"171","grub-mkpasswd-pbkdf2",128,2,18,255128,"Unk","FALSE"
"172","grub-mkrelpath",127,0,18,246264,"Unk","FALSE"
"173","grub-mkrescue",442,8,18,982488,"Unk","FALSE"
"174","grub-mkstandalone",273,4,18,490520,"Unk","FALSE"
"175","grub-mount",293,7,18,751384,"Unk","FALSE"
"176","grub-render-label",298,7,18,820936,"Unk","FALSE"
"177","grub-script-check",127,0,18,275064,"Unk","FALSE"
"178","grub-syslinux2cfg",262,7,18,772312,"Unk","FALSE"
"179","gvmap",533,0,0,574040,"Unk","FALSE"
"180","gzip",71,1,0,101560,"Unk","FALSE"
"181","halflife",117,2,0,63992,"Unk","FALSE"
"182","hashcat",348,4,0,989408,"Unk","FALSE"
"183","hashdeep",188,5,0,244120,"gcc(3.X)","FALSE"
"184","hciattach",54,0,0,182384,"Unk","FALSE"
"185","hciconfig",59,0,0,237776,"Unk","FALSE"
"186","hcidump",107,0,0,533176,"Unk","FALSE"
"187","hcitool",69,0,0,192240,"Unk","FALSE"
"188","heartbleeder",1403,12,0,4251332,"Unk","TRUE"
"189","hexdump",29,0,0,55544,"Unk","FALSE"
"190","hexeditor",82,0,0,84248,"Unk","FALSE"
"191","host",72,0,0,105088,"Unk","FALSE"
"192","hotpatcher",27,1,0,51728,"Unk","FALSE"
"193","ht",235,6,0,2366800,"gcc(GNU)","TRUE"
"194","htop",71,0,0,490440,"gcc(Alpine)","FALSE"
"195","httptunnel-client",13,0,0,104752,"gcc(-)","TRUE"
"196","httptunnel-server",13,0,0,104880,"gcc(-)","TRUE"
"197","hydra",669,6,0,378912,"Unk","FALSE"
"198","ico",2,0,0,52072,"Unk","FALSE"
"199","iconv",40,0,0,60424,"Unk","FALSE"
"200","ike-scan",73,0,0,118984,"Unk","FALSE"
"201","infocmp",68,0,0,63720,"Unk","FALSE"
"202","innochecksum",296,2,0,3731640,"gcc(-)","FALSE"
"203","install",97,0,0,159528,"Unk","FALSE"
"204","iostat",62,0,0,67904,"Unk","FALSE"
"205","ip",205,1,0,558200,"Unk","FALSE"
"206","ipcs",21,0,0,71912,"Unk","FALSE"
"207","ivstools",40,3,0,55448,"Unk","FALSE"
"208","join",23,0,0,56224,"Unk","FALSE"
"209","journalctl",6,0,13,63576,"Unk","FALSE"
"210","kbxutil",145,0,0,162504,"Unk","FALSE"
"211","kismetdb_clean",524,0,0,179064,"gcc(3.X)","FALSE"
"212","kismetdb_dump_devices",611,0,0,445512,"gcc(3.X)","FALSE"
"213","kismetdb_statistics",619,0,0,465856,"gcc(3.X)","FALSE"
"214","kismetdb_to_gpx",633,0,0,478272,"gcc(3.X)","FALSE"
"215","kismetdb_to_kml",647,0,0,490592,"gcc(3.X)","FALSE"
"216","kismetdb_to_pcap",657,0,0,503088,"gcc(3.X)","FALSE"
"217","kismetdb_to_wiglecsv",636,0,0,478304,"gcc(3.X)","FALSE"
"218","kismet_cap_kismetdb",36,0,0,146296,"Unk","FALSE"
"219","kismet_cap_linux_bluetooth",46,0,0,158424,"Unk","FALSE"
"220","kismet_cap_linux_wifi",135,0,0,215480,"Unk","FALSE"
"221","kismet_cap_nrf_51822",46,0,0,142040,"Unk","FALSE"
"222","kismet_cap_nrf_52840",40,0,0,146136,"Unk","FALSE"
"223","kismet_cap_nrf_mousejack",51,0,0,146136,"Unk","FALSE"
"224","kismet_cap_nxp_kw41z",42,0,0,146136,"Unk","FALSE"
"225","kismet_cap_pcapfile",38,0,0,142200,"Unk","FALSE"
"226","kismet_cap_rz_killerbee",43,0,0,146136,"Unk","FALSE"
"227","kismet_cap_ti_cc_2531",44,0,0,146136,"Unk","FALSE"
"228","kismet_cap_ti_cc_2540",44,0,0,146136,"Unk","FALSE"
"229","kismet_cap_ubertooth_one",45,0,0,146136,"Unk","FALSE"
"230","kmod",285,0,0,149688,"Unk","FALSE"
"231","l2ping",26,0,0,143400,"Unk","FALSE"
"232","l2test",27,0,0,156016,"Unk","FALSE"
"233","ld",360,7,0,1997432,"gcc(GNU)","TRUE"
"234","ldapcompare",43,1,0,63648,"Unk","FALSE"
"235","ldapdelete",68,1,0,67776,"Unk","FALSE"
"236","ldapexop",42,1,0,63648,"Unk","FALSE"
"237","ldapmodify",42,1,0,75936,"Unk","FALSE"
"238","ldapmodrdn",41,1,0,63648,"Unk","FALSE"
"239","ldappasswd",44,1,0,63648,"Unk","FALSE"
"240","ldapsearch",86,1,3,92352,"Unk","FALSE"
"241","ldapwhoami",40,1,0,63648,"Unk","FALSE"
"242","ldrdf",55,2,0,109160,"Unk","FALSE"
"243","lefty",273,0,0,298320,"Unk","FALSE"
"244","less",121,0,0,170760,"Unk","FALSE"
"245","lexgrog",17,0,0,101344,"Unk","FALSE"
"246","light-locker",1,0,18,109176,"Unk","FALSE"
"247","line_send_tcp",116,2,0,72192,"Unk","FALSE"
"248","ln",51,0,0,67808,"Unk","FALSE"
"249","loadkeys",64,0,0,211528,"Unk","FALSE"
"250","locale",25,0,0,55336,"Unk","FALSE"
"251","localedef",336,1,0,315136,"Unk","FALSE"
"252","logger",50,0,18,52040,"Unk","FALSE"
"253","login",51,0,0,52664,"Unk","FALSE"
"254","logtop",19,0,0,220984,"gcc(Alpine)","FALSE"
"255","lowntfs-3g",80,1,0,109232,"Unk","FALSE"
"256","ls",158,0,0,133792,"Unk","FALSE"
"257","lsblk",49,0,0,84048,"Unk","FALSE"
"258","lsciphers",669,1,0,1718744,"Unk","TRUE"
"259","lscpu",66,1,0,100584,"Unk","FALSE"
"260","lsipc",39,0,0,96488,"Unk","FALSE"
"261","lslogins",47,0,18,67816,"Unk","FALSE"
"262","lsmem",28,0,0,67816,"Unk","FALSE"
"263","lsns",16,0,0,51440,"Unk","FALSE"
"264","lsof",207,0,0,171488,"Unk","FALSE"
"265","lspci",7,0,0,94152,"Unk","FALSE"
"266","lstopo",47,0,0,132000,"Unk","FALSE"
"267","lstopo-no-graphics",47,0,0,119008,"Unk","FALSE"
"268","lsusb",33,0,0,252912,"Unk","FALSE"
"269","luit",9,0,0,54144,"Unk","FALSE"
"270","make",469,1,0,240280,"Unk","FALSE"
"271","man",61,0,0,115600,"Unk","FALSE"
"272","mandb",50,1,0,138392,"Unk","FALSE"
"273","mariadb",858,4,2,4139000,"gcc(-)","FALSE"
"274","mariadb-admin",753,4,2,3887936,"Unk","FALSE"
"275","mariadb-binlog",930,5,0,4144024,"gcc(-)","FALSE"
"276","mariadb-check",737,4,2,3889376,"Unk","FALSE"
"277","mariadb-conv",286,1,2,3648088,"gcc(-)","FALSE"
"278","mariadb-dump",770,4,2,3963872,"Unk","FALSE"
"279","mariadb-import",704,4,2,3880064,"Unk","FALSE"
"280","mariadb-plugin",252,1,2,3599616,"Unk","FALSE"
"281","mariadb-show",745,4,2,3878592,"Unk","FALSE"
"282","mariadb-slap",746,4,2,3893728,"Unk","FALSE"
"283","mariadb-tzinfo-to-sql",247,1,2,3594976,"Unk","FALSE"
"284","mariadb-upgrade",261,1,2,3687104,"Unk","FALSE"
"285","mariadb-waitpid",241,1,0,3586528,"Unk","FALSE"
"286","mariadbd-safe-helper",215,1,0,3557120,"Unk","FALSE"
"287","masscan",451,8,0,492912,"Unk","FALSE"
"288","mate-calc",119,1,0,305368,"Unk","FALSE"
"289","mate-calc-cmd",114,1,0,149080,"Unk","FALSE"
"290","mawk",97,0,0,158296,"Unk","FALSE"
"291","md5deep",188,5,0,244120,"gcc(3.X)","FALSE"
"292","mdsearch",76,0,6,80328,"Unk","FALSE"
"293","medusa",140,1,0,71704,"Unk","FALSE"
"294","metaflac",95,0,0,122912,"Unk","FALSE"
"295","mingle",325,0,0,422480,"gcc(3.X)","FALSE"
"296","minicom",203,0,0,211640,"Unk","FALSE"
"297","mkdir",52,0,0,80056,"Unk","FALSE"
"298","mkfifo",37,0,0,68704,"Unk","FALSE"
"299","mkfs.btrfs",247,2,0,396464,"Unk","FALSE"
"300","mknod",39,0,0,67768,"Unk","FALSE"
"301","mksquashfs",158,0,0,207840,"Unk","FALSE"
"302","mm2gv",102,0,0,88752,"Unk","FALSE"
"303","mmcli",27,0,0,226336,"Unk","FALSE"
"304","more",23,0,0,59632,"Unk","FALSE"
"305","mount",23,0,0,55528,"Unk","FALSE"
"306","mousepad",36,0,0,338960,"Unk","FALSE"
"307","mpg123.bin",113,1,0,158280,"Unk","FALSE"
"308","mpris-proxy",15,0,0,96704,"Unk","FALSE"
"309","mpstat",69,0,0,63808,"Unk","FALSE"
"310","msrpcfuzz",130,2,0,68104,"Unk","FALSE"
"311","msrpcfuzz_udp",130,2,0,68104,"Unk","FALSE"
"312","mt-gnu",105,0,77,80512,"Unk","FALSE"
"313","mv",94,0,0,137440,"Unk","FALSE"
"314","myisamchk",511,1,0,3994880,"Unk","FALSE"
"315","myisamlog",446,1,0,3857920,"Unk","FALSE"
"316","myisampack",471,1,0,3892352,"Unk","FALSE"
"317","myisam_ftdump",463,1,0,3871296,"Unk","FALSE"
"318","my_print_defaults",242,1,0,3591328,"Unk","FALSE"
"319","nano",319,0,0,245872,"gcc(Alpine)","FALSE"
"320","nasm",1161,2,0,1739352,"Unk","FALSE"
"321","ncdu",138,1,0,403280,"gcc(GNU)","TRUE"
"322","ncrack",585,10,25,667200,"gcc(3.X)","FALSE"
"323","ndisasm",29,0,0,1300696,"Unk","FALSE"
"324","net",374,2,6,973856,"Unk","FALSE"
"325","netkit-ftp",50,0,0,102008,"Unk","FALSE"
"326","netstat",138,0,0,154192,"Unk","FALSE"
"327","networkctl",15,0,0,96480,"Unk","FALSE"
"328","nl",138,0,0,113696,"Unk","FALSE"
"329","nm",289,4,0,1176248,"gcc(GNU)","TRUE"
"330","nm-applet",33,0,0,250784,"Unk","FALSE"
"331","nm-connection-editor",25,0,0,787752,"Unk","FALSE"
"332","nmap_centos5",1046,4,0,9461651,"gcc(3.X)","TRUE"
"333","nmblookup",42,0,6,141632,"Unk","FALSE"
"334","nmcli",330,2,0,925640,"Unk","FALSE"
"335","nmtui",183,1,0,727600,"Unk","FALSE"
"336","nslookup",75,0,0,109216,"Unk","FALSE"
"337","nstat",34,0,0,80112,"Unk","FALSE"
"338","nsupdate",102,0,0,72064,"Unk","FALSE"
"339","ntfs-3g",92,1,0,146128,"Unk","FALSE"
"340","ntfsdecrypt",12,0,0,51320,"Unk","FALSE"
"341","ntfsinfo",5,0,0,55416,"Unk","FALSE"
"342","ntfsrecover",146,0,0,116840,"Unk","FALSE"
"343","ntfswipe",19,0,0,51848,"Unk","FALSE"
"344","ntlm2",184,2,0,81368,"Unk","FALSE"
"345","ntlm_brute",180,2,0,81336,"Unk","FALSE"
"346","ntpdc",24,0,0,153736,"Unk","FALSE"
"347","ntpq",108,0,0,192680,"Unk","FALSE"
"348","numfmt",42,0,0,68576,"Unk","FALSE"
"349","obexctl",58,0,0,182576,"Unk","FALSE"
"350","objcopy",124,4,0,1343096,"gcc(GNU)","TRUE"
"351","objdump",146,4,0,2282744,"gcc(GNU)","TRUE"
"352","od",35,0,0,72640,"Unk","FALSE"
"353","onesixtyone",9,0,0,161952,"Unk","FALSE"
"354","openfortivpn",97,0,18,108616,"Unk","FALSE"
"355","openssl",113,3,5,736792,"Unk","FALSE"
"356","ophcrack",312,3,0,441448,"gcc(3.X)","FALSE"
"357","ophcrack-cli",283,3,0,154568,"Unk","FALSE"
"358","out123",72,0,0,67760,"Unk","FALSE"
"359","pacat",3,0,0,51472,"Unk","FALSE"
"360","packetforge-ng",71,3,0,76008,"Unk","FALSE"
"361","packetq",87,2,0,535688,"gcc(Alpine)","FALSE"
"362","pactl",3,0,0,71928,"Unk","FALSE"
"363","parole",41,0,20,410560,"Unk","FALSE"
"364","partx",76,0,0,116976,"Unk","FALSE"
"365","passwd",26,0,0,63960,"Unk","FALSE"
"366","patch",162,0,0,191936,"Unk","FALSE"
"367","pavucontrol",10,0,0,485576,"gcc(3.X)","FALSE"
"368","perl",1606,2,0,3677056,"Unk","FALSE"
"369","perl5.32.1",1606,2,0,3677056,"Unk","FALSE"
"370","perror",244,1,0,3788288,"Unk","FALSE"
"371","photorec",244,5,0,633624,"Unk","FALSE"
"372","pic",97,0,0,225472,"gcc(3.X)","FALSE"
"373","pidstat",46,0,0,72000,"Unk","FALSE"
"374","pinentry-curses",63,0,0,63992,"Unk","FALSE"
"375","pinentry-gnome3",74,0,0,76280,"Unk","FALSE"
"376","ping",18,0,0,64424,"Unk","FALSE"
"377","pixiewps",34,2,0,96328,"Unk","FALSE"
"378","pmspike",121,2,0,63984,"Unk","FALSE"
"379","post_fuzz",125,2,0,63992,"Unk","FALSE"
"380","post_spike",128,2,0,63992,"Unk","FALSE"
"381","pr",51,0,0,76896,"Unk","FALSE"
"382","preconv",97,1,0,63848,"gcc(3.X)","FALSE"
"383","printf",23,0,0,60256,"Unk","FALSE"
"384","procan",67,0,0,81776,"Unk","FALSE"
"385","profiles",30,0,6,51352,"Unk","FALSE"
"386","proxytunnel",70,1,0,52152,"Unk","FALSE"
"387","ps",100,0,0,133432,"Unk","FALSE"
"388","pstat",206,1,0,285784,"gcc(3.X)","FALSE"
"389","pth-curl",392,3,51,624432,"Unk","TRUE"
"390","ptx",163,0,0,138336,"Unk","FALSE"
"391","pulseaudio",2,0,18,96584,"Unk","FALSE"
"392","pv",10,0,0,136280,"gcc(Alpine)","FALSE"
"393","qt5ct",10,0,0,530832,"gcc(3.X)","FALSE"
"394","quake",117,2,0,63992,"Unk","FALSE"
"395","quakeserver",117,2,0,63992,"Unk","FALSE"
"396","r2agent",254,1,0,155824,"Unk","FALSE"
"397","r2r",294,1,0,200880,"Unk","FALSE"
"398","rabin2",254,1,0,155824,"Unk","FALSE"
"399","radare2",256,1,0,155824,"Unk","FALSE"
"400","radiff2",254,1,0,155824,"Unk","FALSE"
"401","rafind2",254,1,0,155824,"Unk","FALSE"
"402","ragg2",254,1,0,155824,"Unk","FALSE"
"403","rahash2",254,1,0,155824,"Unk","FALSE"
"404","ranlib",278,4,0,1195384,"gcc(GNU)","TRUE"
"405","rarun2",254,1,0,155824,"Unk","FALSE"
"406","rasign2",254,1,0,155824,"Unk","FALSE"
"407","rasm2",254,1,0,155824,"Unk","FALSE"
"408","rawshark",16,0,0,104520,"Unk","FALSE"
"409","rax2",254,1,0,155824,"Unk","FALSE"
"410","rb",16,2,0,75136,"Unk","FALSE"
"411","rctest",50,0,0,185992,"Unk","FALSE"
"412","rdesktop",480,4,0,534048,"Unk","FALSE"
"413","rdf2bin",56,2,0,96768,"Unk","FALSE"
"414","rdma",63,0,0,133360,"Unk","FALSE"
"415","readelf",53,0,0,656696,"gcc(GNU)","TRUE"
"416","readlink",25,0,0,52032,"Unk","FALSE"
"417","realpath",27,0,0,56160,"Unk","FALSE"
"418","rearj",59,1,0,62640,"Unk","FALSE"
"419","reaver",268,9,0,835440,"Unk","FALSE"
"420","recordmydesktop",105,0,0,97824,"Unk","FALSE"
"421","redir",21,0,0,84848,"gcc(Alpine)","FALSE"
"422","rendercheck",42,0,0,57760,"Unk","FALSE"
"423","replace",228,1,0,3569408,"Unk","FALSE"
"424","resizepart",33,0,0,63720,"Unk","FALSE"
"425","resolvectl",24,0,0,129400,"Unk","FALSE"
"426","resolveip",241,1,0,3586496,"Unk","FALSE"
"427","resolve_stack_dump",241,1,2,3586496,"Unk","FALSE"
"428","rfcomm",36,0,0,152272,"Unk","FALSE"
"429","ristretto",4,0,0,262472,"Unk","FALSE"
"430","rm",35,0,0,63704,"Unk","FALSE"
"431","rmdir",26,0,0,52032,"Unk","FALSE"
"432","rpcclient",267,0,6,1362264,"Unk","FALSE"
"433","rpcgen",80,0,0,97256,"Unk","FALSE"
"434","rsync",460,1,0,493096,"Unk","FALSE"
"435","rx",16,2,0,75136,"Unk","FALSE"
"436","rz",16,2,0,75136,"Unk","FALSE"
"437","sadf",217,0,0,424208,"Unk","FALSE"
"438","samba-regedit",22,0,6,101464,"Unk","FALSE"
"439","sane-find-scanner",102,0,0,142184,"Unk","FALSE"
"440","sar.sysstat",139,0,0,148816,"Unk","FALSE"
"441","sb",12,2,0,79296,"Unk","FALSE"
"442","sbd",20,0,0,51824,"Unk","FALSE"
"443","scalpel",81,0,0,55288,"Unk","FALSE"
"444","scanimage",54,0,0,52184,"Unk","FALSE"
"445","scp",134,2,0,116880,"Unk","FALSE"
"446","screen",507,1,0,482312,"Unk","FALSE"
"447","script",19,0,0,67816,"Unk","FALSE"
"448","scriptlive",18,0,0,55528,"Unk","FALSE"
"449","sdptool",63,0,0,255088,"Unk","FALSE"
"450","sed",66,0,0,109000,"Unk","FALSE"
"451","sendmsrpc",126,2,0,64008,"Unk","FALSE"
"452","seq",41,0,0,56192,"Unk","FALSE"
"453","sftp",170,2,0,174440,"Unk","FALSE"
"454","sha1deep",188,5,0,244120,"gcc(3.X)","FALSE"
"455","sha1sum",15,2,0,52128,"Unk","FALSE"
"456","sha224sum",16,1,0,64416,"Unk","FALSE"
"457","sha256deep",188,5,0,244120,"gcc(3.X)","FALSE"
"458","sha256sum",16,1,0,64416,"Unk","FALSE"
"459","sha384sum",16,2,0,68512,"Unk","FALSE"
"460","sha512sum",16,2,0,68512,"Unk","FALSE"
"461","sharkd",29,0,0,165968,"Unk","FALSE"
"462","shred",45,0,0,64608,"Unk","FALSE"
"463","shuf",22,0,0,60384,"Unk","FALSE"
"464","size",282,4,0,1166520,"gcc(GNU)","TRUE"
"465","skipfish",650,1,0,303136,"Unk","FALSE"
"466","smbclient",46,0,6,153936,"Unk","FALSE"
"467","smbcontrol",21,0,6,60016,"Unk","FALSE"
"468","snmpnetstat",115,0,0,74280,"Unk","FALSE"
"469","socat",52,0,0,375176,"gcc(Alpine)","FALSE"
"470","sort",70,1,0,118408,"Unk","FALSE"
"471","speech-dispatcher",61,0,0,170248,"Unk","FALSE"
"472","split",29,0,0,60896,"Unk","FALSE"
"473","spooftooph",116,0,0,57616,"Unk","TRUE"
"474","sqldiff",1117,4,0,1323024,"Unk","FALSE"
"475","sqlite3",1558,5,0,1603696,"Unk","FALSE"
"476","sqsh",97,1,0,307272,"Unk","FALSE"
"477","ss",114,0,0,139904,"Unk","FALSE"
"478","ssh",402,5,44,797480,"Unk","FALSE"
"479","ssh-add",206,3,0,374912,"Unk","FALSE"
"480","ssh-agent",168,3,0,354440,"Unk","FALSE"
"481","ssh-keygen",256,4,0,485576,"Unk","FALSE"
"482","ssh-keyscan",271,4,44,469224,"Unk","FALSE"
"483","sslsplit",127,0,11,206856,"Unk","FALSE"
"484","ss_spike",125,2,0,63984,"Unk","FALSE"
"485","stat",91,0,0,85184,"Unk","FALSE"
"486","statd_spike",121,2,0,63984,"Unk","FALSE"
"487","stdbuf",34,0,0,52064,"Unk","FALSE"
"488","strace",18,0,0,346592,"gcc(GNU)","TRUE"
"489","strings",291,4,0,1166840,"gcc(GNU)","TRUE"
"490","stty",46,0,0,75992,"Unk","FALSE"
"491","stunnel4",556,0,23,200472,"Unk","FALSE"
"492","su",41,0,0,71912,"Unk","FALSE"
"493","sudo",39,0,0,182600,"Unk","FALSE"
"494","sudoreplay",40,3,0,118160,"Unk","FALSE"
"495","sunrpcfuzz",120,2,0,64056,"Unk","FALSE"
"496","svn",50,3,0,440616,"Unk","FALSE"
"497","svnadmin",2,0,0,137448,"Unk","FALSE"
"498","svnbench",4,0,0,71912,"Unk","FALSE"
"499","svnlook",4,0,0,92392,"Unk","FALSE"
"500","svnrdump",6,0,0,55528,"Unk","FALSE"
"501","svnserve",9,0,0,108840,"Unk","FALSE"
"502","sx",12,2,0,79296,"Unk","FALSE"
"503","systemctl",135,0,13,182352,"Unk","FALSE"
"504","systemd-analyze",621,1,0,1694296,"Unk","FALSE"
"505","systemd-hwdb",78,3,13,84328,"Unk","FALSE"
"506","systemd-mount",7,0,0,51648,"Unk","FALSE"
"507","systemd-run",5,0,0,55720,"Unk","FALSE"
"508","systemd-sysusers",36,0,0,55832,"Unk","FALSE"
"509","systemd-tmpfiles",8,0,13,71752,"Unk","FALSE"
"510","sz",12,2,0,79296,"Unk","FALSE"
"511","tac",134,0,0,109536,"Unk","FALSE"
"512","tail",26,0,0,76864,"Unk","FALSE"
"513","tapestat",38,0,0,51520,"Unk","FALSE"
"514","tar",443,2,73,423312,"Unk","FALSE"
"515","tbl",71,0,0,145768,"gcc(3.X)","FALSE"
"516","tcpbridge",386,0,0,321664,"Unk","FALSE"
"517","tcpcapinfo",182,0,0,148416,"Unk","FALSE"
"518","tcpdump",33,0,0,1123132,"gcc(Alpine)","FALSE"
"519","tcpliveplay",220,0,0,185568,"Unk","FALSE"
"520","tcpprep",282,0,0,232928,"Unk","FALSE"
"521","tcpreplay",275,0,0,254240,"Unk","FALSE"
"522","tcpreplay-edit",422,0,0,380960,"Unk","FALSE"
"523","tcprewrite",345,0,0,300864,"Unk","FALSE"
"524","telnet.netkit",111,0,0,116120,"gcc(-)","FALSE"
"525","test",30,0,0,56128,"Unk","FALSE"
"526","testdisk",179,2,0,406608,"Unk","FALSE"
"527","text2pcap",26,1,0,55464,"Unk","FALSE"
"528","thunar",63,0,0,881128,"Unk","FALSE"
"529","tic",87,0,0,92432,"Unk","FALSE"
"530","tigerdeep",188,5,0,244120,"gcc(3.X)","FALSE"
"531","tmux",390,0,0,733056,"gcc(Alpine)","FALSE"
"532","top",130,0,0,125000,"Unk","FALSE"
"533","touch",70,0,0,88280,"Unk","FALSE"
"534","tpmc",33,4,0,54816,"Unk","TRUE"
"535","tr",21,0,0,56160,"Unk","FALSE"
"536","traceroute.db",44,0,0,72864,"Unk","FALSE"
"537","troff",241,0,0,769792,"gcc(3.X)","FALSE"
"538","trust",66,4,0,219664,"Unk","FALSE"
"539","tshark",66,0,0,315400,"Unk","FALSE"
"540","tsk_comparedir",62,0,0,105248,"gcc(3.X)","FALSE"
"541","tsk_gettimes",48,0,0,97056,"gcc(3.X)","FALSE"
"542","tsk_loaddb",48,0,0,92960,"gcc(3.X)","FALSE"
"543","tsk_recover",55,0,0,101152,"gcc(3.X)","FALSE"
"544","tsort",16,0,0,56128,"Unk","FALSE"
"545","udevadm",365,3,0,584072,"Unk","FALSE"
"546","udisksctl",16,0,0,59616,"Unk","FALSE"
"547","umax_pp",124,0,0,187624,"Unk","FALSE"
"548","uniq",21,0,0,52128,"Unk","FALSE"
"549","unix2dos",5,0,0,51368,"Unk","FALSE"
"550","unrar-nonfree",266,4,0,322784,"gcc(3.X)","FALSE"
"551","unsquashfs",70,0,0,115648,"Unk","FALSE"
"552","unzip",97,1,0,179208,"Unk","FALSE"
"553","unzipsfx",54,1,0,84816,"Unk","FALSE"
"554","update-alternatives",98,0,0,59480,"Unk","FALSE"
"555","update-mime-database",16,0,0,60608,"Unk","FALSE"
"556","upx-ucl",258,3,0,1925080,"gcc(3.X)","FALSE"
"557","VBoxClient",732,10,0,1947440,"Unk","FALSE"
"558","vdir",158,0,0,133792,"Unk","FALSE"
"559","vim",538,6,0,3296328,"gcc(Alpine)","FALSE"
"560","vim.basic",3060,5,0,3169376,"Unk","FALSE"
"561","vim.tiny",1339,0,0,1404616,"Unk","FALSE"
"562","voiphopper",191,0,0,97872,"Unk","TRUE"
"563","vsyasm",83,3,0,698664,"gcc(GNU)","TRUE"
"564","wash",268,9,0,835440,"Unk","FALSE"
"565","wdctl",26,0,0,63744,"Unk","FALSE"
"566","webfuzz",119,2,0,63984,"Unk","FALSE"
"567","wg",18,0,0,130432,"gcc(Alpine)","FALSE"
"568","wget",426,5,0,539936,"Unk","FALSE"
"569","whatis",30,0,0,52432,"Unk","FALSE"
"570","whirlpooldeep",188,5,0,244120,"gcc(3.X)","FALSE"
"571","who",41,0,0,60384,"Unk","FALSE"
"572","whois",99,0,0,160616,"Unk","FALSE"
"573","winexe",4,3,6,135224,"Unk","TRUE"
"574","wpa_passphrase",61,0,0,80048,"Unk","FALSE"
"575","x11perf",63,0,0,199104,"Unk","FALSE"
"576","x11_spike",126,2,0,63984,"Unk","FALSE"
"577","x86_64-linux-gnu-ar",45,0,1,52192,"Unk","FALSE"
"578","x86_64-linux-gnu-as",970,1,1,472248,"Unk","FALSE"
"579","x86_64-linux-gnu-c++filt",93,0,1,129496,"Unk","FALSE"
"580","x86_64-linux-gnu-cpp-10",664,2,0,817704,"gcc(-)","TRUE"
"581","x86_64-linux-gnu-g++-10",656,2,0,821800,"gcc(-)","TRUE"
"582","x86_64-linux-gnu-gcc-10",647,2,0,817704,"gcc(-)","TRUE"
"583","x86_64-linux-gnu-gcov-dump-10",205,2,0,245432,"gcc(-)","TRUE"
"584","x86_64-linux-gnu-gcov-tool-10",260,2,0,266008,"gcc(-)","TRUE"
"585","x86_64-linux-gnu-gprof",367,0,1,119056,"Unk","FALSE"
"586","x86_64-linux-gnu-ld.bfd",812,5,1,1737864,"Unk","FALSE"
"587","x86_64-linux-gnu-ld.gold",2929,6,0,2248328,"gcc(3.X)","FALSE"
"588","x86_64-linux-gnu-objcopy",421,0,1,282008,"Unk","FALSE"
"589","x86_64-linux-gnu-objdump",1063,2,1,464664,"Unk","FALSE"
"590","x86_64-linux-gnu-ranlib",45,0,1,52192,"Unk","FALSE"
"591","x86_64-linux-gnu-readelf",1702,2,0,609864,"Unk","FALSE"
"592","x86_64-linux-gnu-strip",415,0,1,282040,"Unk","FALSE"
"593","xargs",39,0,0,76152,"Unk","FALSE"
"594","xauth",45,0,0,52680,"Unk","FALSE"
"595","xclock",11,0,0,59224,"Unk","FALSE"
"596","xdg-dbus-proxy",16,0,0,51200,"Unk","FALSE"
"597","xditview",13,0,0,111320,"Unk","FALSE"
"598","xdotool",27,0,0,81192,"Unk","FALSE"
"599","xedit",531,0,0,678736,"Unk","FALSE"
"600","xfce4-about",5,0,0,104984,"Unk","FALSE"
"601","xfce4-accessibility-settings",2,0,0,55616,"Unk","FALSE"
"602","xfce4-appearance-settings",2,0,0,72864,"Unk","FALSE"
"603","xfce4-appfinder",21,0,0,145784,"Unk","FALSE"
"604","xfce4-clipman",2,0,0,67800,"Unk","FALSE"
"605","xfce4-clipman-history",2,0,0,75992,"Unk","FALSE"
"606","xfce4-clipman-settings",2,0,0,92376,"Unk","FALSE"
"607","xfce4-color-settings",11,0,0,80192,"Unk","FALSE"
"608","xfce4-display-settings",20,1,0,367320,"Unk","FALSE"
"609","xfce4-keyboard-settings",2,0,0,100672,"Unk","FALSE"
"610","xfce4-mime-helper",1,0,0,67816,"Unk","FALSE"
"611","xfce4-mime-settings",2,0,0,100744,"Unk","FALSE"
"612","xfce4-mouse-settings",4,0,0,88504,"Unk","FALSE"
"613","xfce4-notifyd-config",1,0,0,100512,"Unk","FALSE"
"614","xfce4-panel",9,0,0,363328,"Unk","FALSE"
"615","xfce4-power-manager",7,0,0,235808,"Unk","FALSE"
"616","xfce4-power-manager-settings",3,0,0,170272,"Unk","FALSE"
"617","xfce4-screenshooter",6,0,0,117440,"Unk","FALSE"
"618","xfce4-session",42,0,0,260496,"Unk","FALSE"
"619","xfce4-session-settings",14,0,0,178408,"Unk","FALSE"
"620","xfce4-settings-editor",2,0,0,76168,"Unk","FALSE"
"621","xfce4-taskmanager",8,0,0,149688,"Unk","FALSE"
"622","xfdesktop",48,0,0,465168,"Unk","FALSE"
"623","xfdesktop-settings",7,0,0,195320,"Unk","FALSE"
"624","xfreerdp",25,1,0,690760,"Unk","FALSE"
"625","xfsettingsd",18,1,0,322024,"Unk","FALSE"
"626","xfwm4",71,0,0,412168,"Unk","FALSE"
"627","xfwm4-settings",4,0,0,113024,"Unk","FALSE"
"628","xfwm4-workspace-settings",1,0,0,145856,"Unk","FALSE"
"629","xgc",15,0,0,81016,"Unk","FALSE"
"630","xhydra",24,0,0,63528,"Unk","FALSE"
"631","xkbcomp",97,0,0,217960,"Unk","FALSE"
"632","xkbprint",9,1,0,92872,"Unk","FALSE"
"633","xman",34,0,0,79928,"Unk","FALSE"
"634","xmllint",14,0,0,72520,"Unk","FALSE"
"635","xprop",23,0,0,50224,"Unk","FALSE"
"636","xrandr",28,0,0,64336,"Unk","FALSE"
"637","xsm",89,0,0,98200,"Unk","FALSE"
"638","Xtightvnc",915,0,0,1678464,"Unk","FALSE"
"639","xtightvncviewer",49,0,0,116912,"Unk","FALSE"
"640","Xvfb",1201,1,18,2049576,"Unk","FALSE"
"641","xwininfo",12,0,0,52160,"Unk","FALSE"
"642","xz",72,0,0,81192,"Unk","FALSE"
"643","yasm",96,3,0,698664,"gcc(GNU)","TRUE"
"644","ytasm",94,3,0,694376,"gcc(GNU)","TRUE"
"645","zenity",9,0,0,131712,"Unk","FALSE"
"646","zip",346,1,0,217312,"Unk","FALSE"
"647","zipcloak",263,1,0,94640,"Unk","FALSE"
"648","zipinfo",97,1,0,179208,"Unk","FALSE"
"649","zipnote",248,1,0,90224,"Unk","FALSE"
"650","zipsplit",238,1,0,90256,"Unk","FALSE"
"651","zsh",720,1,0,882080,"Unk","FALSE"
"652","[",30,0,0,60224,"Unk","FALSE"
